epoch,accuracy,loss,val_accuracy,val_loss
0,0.9697826504707336,0.09812851250171661,NA,NA
